Cell	Plate	Rep	Drug	Concentration	Viability	NormalizedViability
WT	1	1	EGFRi (Gefitinib)	0.001	35277.5	0.9517346389244652
WT	1	1	EGFRi (Gefitinib)	0.00175	34818.5	0.9384329364450066
WT	1	1	EGFRi (Gefitinib)	0.00275	34031.5	0.9156258779453684
WT	1	1	EGFRi (Gefitinib)	0.0045	34758	0.9366796619351868
WT	1	1	EGFRi (Gefitinib)	0.0075	33977.5	0.9140609717713144
WT	1	1	EGFRi (Gefitinib)	0.01225	32681	0.8764887337220376
WT	1	1	EGFRi (Gefitinib)	0.02025	33176	0.8908337069841988
WT	1	1	EGFRi (Gefitinib)	0.03325	32329.5	0.8663023537187049
WT	1	1	EGFRi (Gefitinib)	0.055	32076.5	0.8589704784958225
WT	1	1	EGFRi (Gefitinib)	0.09	29591	0.7869413248733947
WT	1	1	EGFRi (Gefitinib)	0.15	26968	0.7109274564559223
WT	1	1	EGFRi (Gefitinib)	0.245	21600.5	0.5553786807293558
WT	1	1	EGFRi (Gefitinib)	0.41	13315.5	0.3152815019879299
WT	1	1	EGFRi (Gefitinib)	0.675	8252.5	0.16855705829838993
WT	1	1	EGFRi (Gefitinib)	1.11	5493	0.08858745482983658
WT	1	1	EGFRi (Gefitinib)	1.835	5727	0.09536871491740372
WT	1	1	EGFRi (Gefitinib)	3.03	5126	0.0779518887950625
WT	1	1	EGFRi (Gefitinib)	5	5391.5	0.08564601081749443
WT	1	1	MEKi (Trametinib)	0.001	21071	0.5400339063004379
WT	1	1	MEKi (Trametinib)	0.00175	18338.5	0.4608467559189115
WT	1	1	MEKi (Trametinib)	0.00275	14530.5	0.3504918909041439
WT	1	1	MEKi (Trametinib)	0.0045	11445.5	0.26108938077532085
WT	1	1	MEKi (Trametinib)	0.0075	10139	0.2232273452864044
WT	1	1	MEKi (Trametinib)	0.01225	8155	0.16573153326190365
WT	1	1	MEKi (Trametinib)	0.02025	6767	0.12550764863992428
WT	1	1	MEKi (Trametinib)	0.03325	6058	0.10496101016947516
WT	1	1	MEKi (Trametinib)	0.055	5608.5	0.0919346152576742
WT	1	1	MEKi (Trametinib)	0.09	5357.5	0.08466069952271972
WT	1	1	MEKi (Trametinib)	0.15	5667	0.09362993027956598
WT	1	1	MEKi (Trametinib)	0.245	5672	0.0937748289993858
WT	1	1	MEKi (Trametinib)	0.41	5362.5	0.08480559824253953
WT	1	1	MEKi (Trametinib)	0.675	5604	0.09180420640983637
WT	1	1	MEKi (Trametinib)	1.11	5635.5	0.09271706834470118
WT	1	1	MEKi (Trametinib)	1.835	5125	0.07792290905109854
WT	1	1	MEKi (Trametinib)	3.03	5509	0.08905113073325997
WT	1	1	MEKi (Trametinib)	5	5432.5	0.08683418032001687
WT	1	1	PI3Ki (BKM120)	0.001	34352	0.9249138858858182
WT	1	1	PI3Ki (BKM120)	0.00175	34832	0.93882416298852
WT	1	1	PI3Ki (BKM120)	0.00275	34671.5	0.9341729140823041
WT	1	1	PI3Ki (BKM120)	0.0045	35016.5	0.944170925749871
WT	1	1	PI3Ki (BKM120)	0.0075	34120.5	0.918205075158161
WT	1	1	PI3Ki (BKM120)	0.01225	34455.5	0.9279132893860883
WT	1	1	PI3Ki (BKM120)	0.02025	34525.5	0.9299418714635657
WT	1	1	PI3Ki (BKM120)	0.03325	34160.5	0.9193642649167195
WT	1	1	PI3Ki (BKM120)	0.055	33327	0.8952096483227571
WT	1	1	PI3Ki (BKM120)	0.09	34257.5	0.9221753000812238
WT	1	1	PI3Ki (BKM120)	0.15	32214.5	0.8629696831628493
WT	1	1	PI3Ki (BKM120)	0.245	32768.5	0.8790244613188843
WT	1	1	PI3Ki (BKM120)	0.41	31841.5	0.8521602386642915
WT	1	1	PI3Ki (BKM120)	0.675	29042.5	0.7710459353091615
WT	1	1	PI3Ki (BKM120)	1.11	25006	0.6540691987986287
WT	1	1	PI3Ki (BKM120)	1.835	11368	0.2588434506181138
WT	1	1	PI3Ki (BKM120)	3.03	3428.5	0.02875877341623687
WT	1	1	PI3Ki (BKM120)	5	2890	0.01315318129164329
WT	1	1	RAFi (LY3009120)	0.001	36096	0.9754545593589681
WT	1	1	RAFi (LY3009120)	0.00175	35182.5	0.9489815632478887
WT	1	1	RAFi (LY3009120)	0.00275	34538.5	0.9303186081350971
WT	1	1	RAFi (LY3009120)	0.0045	33508.5	0.9004694718522163
WT	1	1	RAFi (LY3009120)	0.0075	33392	0.8970933316804146
WT	1	1	RAFi (LY3009120)	0.01225	32861.5	0.8817195775075327
WT	1	1	RAFi (LY3009120)	0.02025	31101	0.8307007382589775
WT	1	1	RAFi (LY3009120)	0.03325	28281	0.7489778602806044
WT	1	1	RAFi (LY3009120)	0.055	25776.5	0.6763980915228615
WT	1	1	RAFi (LY3009120)	0.09	21260.5	0.5455255677816087
WT	1	1	RAFi (LY3009120)	0.15	17218	0.428374952807292
WT	1	1	RAFi (LY3009120)	0.245	12551.5	0.29314097759946295
WT	1	1	RAFi (LY3009120)	0.41	8157	0.16578949274983157
WT	1	1	RAFi (LY3009120)	0.675	6513	0.1181467936730779
WT	1	1	RAFi (LY3009120)	1.11	5332	0.08392171605163869
WT	1	1	RAFi (LY3009120)	1.835	4892	0.07117062870749537
WT	1	1	RAFi (LY3009120)	3.03	5157	0.07885026085794532
WT	1	1	RAFi (LY3009120)	5	5247	0.08145843781470191
WT	1	2	EGFRi (Gefitinib)	0.001	37119	1.0051008374341013
WT	1	2	EGFRi (Gefitinib)	0.00175	36318.5	0.9819025523909497
WT	1	2	EGFRi (Gefitinib)	0.00275	35415	0.9557193537195099
WT	1	2	EGFRi (Gefitinib)	0.0045	35535	0.9591969229951853
WT	1	2	EGFRi (Gefitinib)	0.0075	35275	0.9516621895645553
WT	1	2	EGFRi (Gefitinib)	0.01225	35147.5	0.9479672722091501
WT	1	2	EGFRi (Gefitinib)	0.02025	34580	0.9315212675096016
WT	1	2	EGFRi (Gefitinib)	0.03325	34093	0.9174081321991521
WT	1	2	EGFRi (Gefitinib)	0.055	33707.5	0.9062364409010447
WT	1	2	EGFRi (Gefitinib)	0.09	31672	0.8472481720623999
WT	1	2	EGFRi (Gefitinib)	0.15	29297.5	0.7784357700199719
WT	1	2	EGFRi (Gefitinib)	0.245	23290	0.6043399581564697
WT	1	2	EGFRi (Gefitinib)	0.41	16465.5	0.4065676954744105
WT	1	2	EGFRi (Gefitinib)	0.675	9515.5	0.20515847492487405
WT	1	2	EGFRi (Gefitinib)	1.11	6033	0.10423651657037611
WT	1	2	EGFRi (Gefitinib)	1.835	5617.5	0.09219543295334987
WT	1	2	EGFRi (Gefitinib)	3.03	5456.5	0.08752969417515197
WT	1	2	EGFRi (Gefitinib)	5	5137.5	0.07828515585064806
WT	1	2	ERKi (SCH772984)	0.001	32937.5	0.8839220380487939
WT	1	2	ERKi (SCH772984)	0.00175	32362.5	0.8672586852695157
WT	1	2	ERKi (SCH772984)	0.00275	30445.5	0.8117045160906003
WT	1	2	ERKi (SCH772984)	0.0045	26329.5	0.6924238899349324
WT	1	2	ERKi (SCH772984)	0.0075	22909.5	0.5933131655781821
WT	1	2	ERKi (SCH772984)	0.01225	16177.5	0.3982215292127894
WT	1	2	ERKi (SCH772984)	0.02025	13260	0.31367312619793003
WT	1	2	ERKi (SCH772984)	0.03325	10785.5	0.2419627497591059
WT	1	2	ERKi (SCH772984)	0.055	8714.5	0.18194570000974042
WT	1	2	ERKi (SCH772984)	0.09	8255.5	0.16864399753028184
WT	1	2	ERKi (SCH772984)	0.15	6131	0.10707653147884438
WT	1	2	ERKi (SCH772984)	0.245	6376	0.1141765687500151
WT	1	2	ERKi (SCH772984)	0.41	5407	0.08609519684893584
WT	1	2	ERKi (SCH772984)	0.675	6121.5	0.10680122391118675
WT	1	2	ERKi (SCH772984)	1.11	5388	0.08554458171362056
WT	1	2	ERKi (SCH772984)	1.835	5492	0.08855847508587263
WT	1	2	ERKi (SCH772984)	3.03	5385	0.08545764248172867
WT	1	2	ERKi (SCH772984)	5	5447.5	0.0872688764794763
WT	1	2	MEKi (Trametinib)	0.001	22538.5	0.5825616805675522
WT	1	2	MEKi (Trametinib)	0.00175	20297.5	0.5176180743443132
WT	1	2	MEKi (Trametinib)	0.00275	15443	0.37693590727125925
WT	1	2	MEKi (Trametinib)	0.0045	14286.5	0.34342083337693713
WT	1	2	MEKi (Trametinib)	0.0075	9223.5	0.1966963896873971
WT	1	2	MEKi (Trametinib)	0.01225	7629.5	0.15050267780884158
WT	1	2	MEKi (Trametinib)	0.02025	5383.5	0.08541417286578273
WT	1	2	MEKi (Trametinib)	0.03325	5173	0.07931393676136872
WT	1	2	MEKi (Trametinib)	0.055	4895	0.07125756793938726
WT	1	2	MEKi (Trametinib)	0.09	4466	0.05882525777884753
WT	1	2	MEKi (Trametinib)	0.15	4480	0.059230974194343
WT	1	2	MEKi (Trametinib)	0.245	4401.5	0.056956064293171974
WT	1	2	MEKi (Trametinib)	0.41	4420	0.05749218955650527
WT	1	2	MEKi (Trametinib)	0.675	4398	0.056854635189298106
WT	1	2	MEKi (Trametinib)	1.11	4766.5	0.06753367084001813
WT	1	2	MEKi (Trametinib)	1.835	5374	0.08513886529812509
WT	1	2	MEKi (Trametinib)	3.03	5353	0.0845302906748819
WT	1	2	MEKi (Trametinib)	5	5526	0.08954378638064733
WT	1	2	PI3Ki (BKM120)	0.001	35905.5	0.9699339181338333
WT	1	2	PI3Ki (BKM120)	0.00175	36212.5	0.9788306995307697
WT	1	2	PI3Ki (BKM120)	0.00275	35701.5	0.9640220503651851
WT	1	2	PI3Ki (BKM120)	0.0045	34637	0.9331731129155474
WT	1	2	PI3Ki (BKM120)	0.0075	35826.5	0.9676445183606803
WT	1	2	PI3Ki (BKM120)	0.01225	34616	0.9325645382923042
WT	1	2	PI3Ki (BKM120)	0.02025	35103	0.9466776736027538
WT	1	2	PI3Ki (BKM120)	0.03325	34559	0.9309126928863584
WT	1	2	PI3Ki (BKM120)	0.055	35100	0.9465907343708618
WT	1	2	PI3Ki (BKM120)	0.09	35303.5	0.9524881122675282
WT	1	2	PI3Ki (BKM120)	0.15	34296	0.9232910202238364
WT	1	2	PI3Ki (BKM120)	0.245	33622.5	0.9037731626641079
WT	1	2	PI3Ki (BKM120)	0.41	32458.5	0.870040740690056
WT	1	2	PI3Ki (BKM120)	0.675	29223	0.7762767790946568
WT	1	2	PI3Ki (BKM120)	1.11	27466.5	0.7253738588219574
WT	1	2	PI3Ki (BKM120)	1.835	16190.5	0.39859826588432096
WT	1	2	PI3Ki (BKM120)	3.03	3752.5	0.038148210460560585
WT	1	2	PI3Ki (BKM120)	5	2836.5	0.011602764989571317
WT	1	2	RAFi (LY3009120)	0.001	36740.5	0.9941320043437417
WT	1	2	RAFi (LY3009120)	0.00175	37165	1.0064339056564435
WT	1	2	RAFi (LY3009120)	0.00275	36610	0.9903501477564446
WT	1	2	RAFi (LY3009120)	0.0045	35759	0.9656883856431129
WT	1	2	RAFi (LY3009120)	0.0075	34995	0.9435478612546458
WT	1	2	RAFi (LY3009120)	0.01225	34523.5	0.9298839119756377
WT	1	2	RAFi (LY3009120)	0.02025	32182.5	0.8620423313560025
WT	1	2	RAFi (LY3009120)	0.03325	29936	0.7969393365409617
WT	1	2	RAFi (LY3009120)	0.055	27279	0.7199401568287145
WT	1	2	RAFi (LY3009120)	0.09	23093	0.5986309485955692
WT	1	2	RAFi (LY3009120)	0.15	17821.5	0.4458642282895431
WT	1	2	RAFi (LY3009120)	0.245	13263	0.31376006542982193
WT	1	2	RAFi (LY3009120)	0.41	8625	0.1793520129249658
WT	1	2	RAFi (LY3009120)	0.675	7078	0.13452034901271648
WT	1	2	RAFi (LY3009120)	1.11	5656.5	0.09332564296794438
WT	1	2	RAFi (LY3009120)	1.835	5302	0.08305232373271983
WT	1	2	RAFi (LY3009120)	3.03	5103	0.07728535468389137
WT	1	2	RAFi (LY3009120)	5	5740	0.09574545158893522
WT	1	3	EGFRi (Gefitinib)	0.001	37243	1.0086943256856327
WT	1	3	EGFRi (Gefitinib)	0.00175	36409	0.9845252192196883
WT	1	3	EGFRi (Gefitinib)	0.00275	35784	0.966412879242212
WT	1	3	EGFRi (Gefitinib)	0.0045	35223.5	0.9501697327504112
WT	1	3	EGFRi (Gefitinib)	0.0075	35594.5	0.9609212177610411
WT	1	3	EGFRi (Gefitinib)	0.01225	34853.5	0.9394472274837452
WT	1	3	EGFRi (Gefitinib)	0.02025	35025.5	0.9444317434455467
WT	1	3	EGFRi (Gefitinib)	0.03325	33937	0.912887292140774
WT	1	3	EGFRi (Gefitinib)	0.055	33885.5	0.9113948353266299
WT	1	3	EGFRi (Gefitinib)	0.09	31973	0.8559710749955525
WT	1	3	EGFRi (Gefitinib)	0.15	29007.5	0.7700316442704229
WT	1	3	EGFRi (Gefitinib)	0.245	23520.5	0.611019789140163
WT	1	3	EGFRi (Gefitinib)	0.41	15440.5	0.3768634579113494
WT	1	3	EGFRi (Gefitinib)	0.675	9058.5	0.19191473193334338
WT	1	3	EGFRi (Gefitinib)	1.11	5781	0.09693362109145766
WT	1	3	EGFRi (Gefitinib)	1.835	5450	0.08734132583938621
WT	1	3	EGFRi (Gefitinib)	3.03	5538.5	0.08990603318019685
WT	1	3	EGFRi (Gefitinib)	5	5538.5	0.08990603318019685
WT	1	3	ERKi (SCH772984)	0.001	32418.5	0.8688815509314975
WT	1	3	ERKi (SCH772984)	0.00175	32146	0.8609845707013178
WT	1	3	ERKi (SCH772984)	0.00275	30332.5	0.8084298050226727
WT	1	3	ERKi (SCH772984)	0.0045	27332.5	0.7214905731307865
WT	1	3	ERKi (SCH772984)	0.0075	24684	0.6447377212422328
WT	1	3	ERKi (SCH772984)	0.01225	21442.5	0.5507998811830498
WT	1	3	ERKi (SCH772984)	0.02025	19774.5	0.502461668251161
WT	1	3	ERKi (SCH772984)	0.03325	14901	0.36122888604279185
WT	1	3	ERKi (SCH772984)	0.055	13548	0.32201929245955113
WT	1	3	ERKi (SCH772984)	0.09	11111.5	0.25141014629135755
WT	1	3	ERKi (SCH772984)	0.15	7920.5	0.15893578330235453
WT	1	3	ERKi (SCH772984)	0.245	7590.5	0.14937246779424704
WT	1	3	ERKi (SCH772984)	0.41	6491.5	0.11752372917785273
WT	1	3	ERKi (SCH772984)	0.675	6268	0.1110467564019072
WT	1	3	ERKi (SCH772984)	1.11	5753.5	0.09613667813244871
WT	1	3	ERKi (SCH772984)	1.835	6122.5	0.10683020365515071
WT	1	3	ERKi (SCH772984)	3.03	6382	0.11435044721379888
WT	1	3	ERKi (SCH772984)	5	5545	0.09009440151596261
WT	1	3	MEKi (Trametinib)	0.001	22667	0.5862855776669214
WT	1	3	MEKi (Trametinib)	0.00175	19819	0.5037512668575573
WT	1	3	MEKi (Trametinib)	0.00275	17186.5	0.42746209087242715
WT	1	3	MEKi (Trametinib)	0.0045	14098.5	0.33797264151171225
WT	1	3	MEKi (Trametinib)	0.0075	10664.5	0.23845620073946647
WT	1	3	MEKi (Trametinib)	0.01225	8747.5	0.18290203156055118
WT	1	3	MEKi (Trametinib)	0.02025	7484.5	0.14630061493406707
WT	1	3	MEKi (Trametinib)	0.03325	6213	0.10945287048388928
WT	1	3	MEKi (Trametinib)	0.055	5384	0.08542866273776471
WT	1	3	MEKi (Trametinib)	0.09	5909	0.10064302831884481
WT	1	3	MEKi (Trametinib)	0.15	5702	0.09464422131830466
WT	1	3	MEKi (Trametinib)	0.245	5658	0.09336911258389033
WT	1	3	MEKi (Trametinib)	0.41	5206.5	0.08028475818416145
WT	1	3	MEKi (Trametinib)	0.675	5329	0.0838347768197468
WT	1	3	MEKi (Trametinib)	1.11	5011.5	0.07463370811118884
WT	1	3	MEKi (Trametinib)	1.835	5663.5	0.09352850117569211
WT	1	3	MEKi (Trametinib)	3.03	5751	0.0960642287725388
WT	1	3	MEKi (Trametinib)	5	5578	0.09105073306677336
WT	1	3	PI3Ki (BKM120)	0.001	36407	0.9844672597317603
WT	1	3	PI3Ki (BKM120)	0.00175	36426	0.9850178748670756
WT	1	3	PI3Ki (BKM120)	0.00275	36342.5	0.9825980662460848
WT	1	3	PI3Ki (BKM120)	0.0045	35607	0.9612834645605907
WT	1	3	PI3Ki (BKM120)	0.0075	35163	0.9484164582405915
WT	1	3	PI3Ki (BKM120)	0.01225	35512.5	0.9585448787559963
WT	1	3	PI3Ki (BKM120)	0.02025	35620.5	0.9616746911041042
WT	1	3	PI3Ki (BKM120)	0.03325	34811	0.9382155883652769
WT	1	3	PI3Ki (BKM120)	0.055	35392.5	0.9550673094803208
WT	1	3	PI3Ki (BKM120)	0.09	35704.5	0.9641089895970769
WT	1	3	PI3Ki (BKM120)	0.15	35089.5	0.9462864470592403
WT	1	3	PI3Ki (BKM120)	0.245	33005	0.8858781707663613
WT	1	3	PI3Ki (BKM120)	0.41	32046	0.8580865963049217
WT	1	3	PI3Ki (BKM120)	0.675	30370.5	0.8095310352933032
WT	1	3	PI3Ki (BKM120)	1.11	24696.5	0.6450999680417824
WT	1	3	PI3Ki (BKM120)	1.835	10788.5	0.24204968899099777
WT	1	3	PI3Ki (BKM120)	3.03	3493.5	0.030642456773894405
WT	1	3	PI3Ki (BKM120)	5	2882.5	0.012935833211913573
WT	1	3	RAFi (LY3009120)	0.001	36336.5	0.982424187782301
WT	1	3	RAFi (LY3009120)	0.00175	36595.5	0.9899299414689672
WT	1	3	RAFi (LY3009120)	0.00275	36334.5	0.982366228294373
WT	1	3	RAFi (LY3009120)	0.0045	36414.5	0.98468460781149
WT	1	3	RAFi (LY3009120)	0.0075	35731.5	0.964891442684104
WT	1	3	RAFi (LY3009120)	0.01225	34733	0.9359551683360878
WT	1	3	RAFi (LY3009120)	0.02025	33073	0.8878487933559107
WT	1	3	RAFi (LY3009120)	0.03325	29897.5	0.7958236163983492
WT	1	3	RAFi (LY3009120)	0.055	27758.5	0.7338359440594343
WT	1	3	RAFi (LY3009120)	0.09	22335.5	0.5766787925428679
WT	1	3	RAFi (LY3009120)	0.15	17499	0.4365182608611653
WT	1	3	RAFi (LY3009120)	0.245	14169.5	0.3400302033331536
WT	1	3	RAFi (LY3009120)	0.41	8722.5	0.1821775379614521
WT	1	3	RAFi (LY3009120)	0.675	6615	0.12110272755740203
WT	1	3	RAFi (LY3009120)	1.11	5729	0.09542667440533163
WT	1	3	RAFi (LY3009120)	1.835	5140.5	0.07837209508253995
WT	1	3	RAFi (LY3009120)	3.03	5073.5	0.0764304522369545
WT	1	3	RAFi (LY3009120)	5	5044.5	0.07559003966199959
WT	2	1	AKTi (MK2206)	0.001	37810	1.025125840513199
WT	2	1	AKTi (MK2206)	0.00175	37827	1.0256184961605865
WT	2	1	AKTi (MK2206)	0.00275	37552.5	1.017663556442479
WT	2	1	AKTi (MK2206)	0.0045	37533.5	1.0171129413071636
WT	2	1	AKTi (MK2206)	0.0075	37105.5	1.0047096108905877
WT	2	1	AKTi (MK2206)	0.01225	38135	1.0345442573014867
WT	2	1	AKTi (MK2206)	0.02025	37139.5	1.0056949221853626
WT	2	1	AKTi (MK2206)	0.03325	36934	0.9997395848007683
WT	2	1	AKTi (MK2206)	0.055	37440	1.0144033352465331
WT	2	1	AKTi (MK2206)	0.09	36635	0.9910746413555437
WT	2	1	AKTi (MK2206)	0.15	36537	0.9882346264470754
WT	2	1	AKTi (MK2206)	0.245	35466	0.957197320661672
WT	2	1	AKTi (MK2206)	0.41	33663	0.9049468422946484
WT	2	1	AKTi (MK2206)	0.675	30069.5	0.8008081323601506
WT	2	1	AKTi (MK2206)	1.11	30299	0.8074589835998799
WT	2	1	AKTi (MK2206)	1.835	26328	0.6923804203189865
WT	2	1	AKTi (MK2206)	3.03	18212.5	0.45719530817945225
WT	2	1	AKTi (MK2206)	5	10275	0.22716859046550325
WT	2	1	GSK3i (SB-216763)	0.001	35467	0.9572263004056359
WT	2	1	GSK3i (SB-216763)	0.00175	35258.5	0.9511840237891499
WT	2	1	GSK3i (SB-216763)	0.00275	33760	0.9077578774591527
WT	2	1	GSK3i (SB-216763)	0.0045	34102.5	0.9176834397668097
WT	2	1	GSK3i (SB-216763)	0.0075	33040	0.8868924618051
WT	2	1	GSK3i (SB-216763)	0.01225	33374.5	0.8965861861610454
WT	2	1	GSK3i (SB-216763)	0.02025	32858.5	0.8816326382756409
WT	2	1	GSK3i (SB-216763)	0.03325	29985.5	0.7983738338671779
WT	2	1	GSK3i (SB-216763)	0.055	31421.5	0.8399887461994273
WT	2	1	GSK3i (SB-216763)	0.09	29995.5	0.7986636313068174
WT	2	1	GSK3i (SB-216763)	0.15	30643.5	0.8174425053954649
WT	2	1	GSK3i (SB-216763)	0.245	31578	0.8445240761297874
WT	2	1	GSK3i (SB-216763)	0.41	31356.5	0.8381050628417698
WT	2	1	GSK3i (SB-216763)	0.675	32173.5	0.8617815136603268
WT	2	1	GSK3i (SB-216763)	1.11	32127	0.8604339555660027
WT	2	1	GSK3i (SB-216763)	1.835	34026	0.9154664893535666
WT	2	1	GSK3i (SB-216763)	3.03	32745	0.8783434373357312
WT	2	1	GSK3i (SB-216763)	5	30674.5	0.8183408774583477
WT	2	1	IGF1R (OSI-906)	0.001	36260	0.9802072373690579
WT	2	1	IGF1R (OSI-906)	0.00175	34766	0.9369114998868986
WT	2	1	IGF1R (OSI-906)	0.00275	35040	0.9448519497330241
WT	2	1	IGF1R (OSI-906)	0.0045	34558	0.9308837131423944
WT	2	1	IGF1R (OSI-906)	0.0075	33944	0.9130901503485217
WT	2	1	IGF1R (OSI-906)	0.01225	34993.5	0.9435043916386999
WT	2	1	IGF1R (OSI-906)	0.02025	33290.5	0.8941518876680725
WT	2	1	IGF1R (OSI-906)	0.03325	32626.5	0.8749093376760017
WT	2	1	IGF1R (OSI-906)	0.055	32797	0.8798503840218572
WT	2	1	IGF1R (OSI-906)	0.09	32844	0.8812124319881635
WT	2	1	IGF1R (OSI-906)	0.15	31865.5	0.8528557525194266
WT	2	1	IGF1R (OSI-906)	0.245	30176	0.8038944750923126
WT	2	1	IGF1R (OSI-906)	0.41	30196.5	0.8044885598435738
WT	2	1	IGF1R (OSI-906)	0.675	27565	0.7282283636024076
WT	2	1	IGF1R (OSI-906)	1.11	24522	0.640043002720071
WT	2	1	IGF1R (OSI-906)	1.835	24682.5	0.6446942516262869
WT	2	1	IGF1R (OSI-906)	3.03	24070	0.6269441584483602
WT	2	1	IGF1R (OSI-906)	5	23102.5	0.5989062561632268
WT	2	1	mTORi (AZD8055)	0.001	36178	0.977830898364013
WT	2	1	mTORi (AZD8055)	0.00175	35810.5	0.9671808424572569
WT	2	1	mTORi (AZD8055)	0.00275	35413	0.955661394231582
WT	2	1	mTORi (AZD8055)	0.0045	34553.5	0.9307533042945566
WT	2	1	mTORi (AZD8055)	0.0075	31542.5	0.8434952952190667
WT	2	1	mTORi (AZD8055)	0.01225	29567	0.7862458110182597
WT	2	1	mTORi (AZD8055)	0.02025	24669	0.6443030250827734
WT	2	1	mTORi (AZD8055)	0.03325	20508	0.5237183104487272
WT	2	1	mTORi (AZD8055)	0.055	14882.5	0.36069276077945855
WT	2	1	mTORi (AZD8055)	0.09	11357	0.25852467343451024
WT	2	1	mTORi (AZD8055)	0.15	8028	0.16205110577848045
WT	2	1	mTORi (AZD8055)	0.245	5883	0.0998895549757818
WT	2	1	mTORi (AZD8055)	0.41	5591	0.09142746973830487
WT	2	1	mTORi (AZD8055)	0.675	5189.5	0.07979210253677409
WT	2	1	mTORi (AZD8055)	1.11	5052.5	0.07582187761371129
WT	2	1	mTORi (AZD8055)	1.835	4907.5	0.07161981473893679
WT	2	1	mTORi (AZD8055)	3.03	4604	0.0628244624458743
WT	2	1	mTORi (AZD8055)	5	4556	0.061433434735604114
WT	2	2	AKTi (MK2206)	0.001	38077.5	1.0328779220235589
WT	2	2	AKTi (MK2206)	0.00175	38257	1.03807978606509
WT	2	2	AKTi (MK2206)	0.00275	36344.5	0.9826560257340127
WT	2	2	AKTi (MK2206)	0.0045	36457	0.9859162469299584
WT	2	2	AKTi (MK2206)	0.0075	35458	0.9569654827099603
WT	2	2	AKTi (MK2206)	0.01225	37613	1.0194168309522986
WT	2	2	AKTi (MK2206)	0.02025	37760.5	1.023691343186983
WT	2	2	AKTi (MK2206)	0.03325	35380	0.9547050626807713
WT	2	2	AKTi (MK2206)	0.055	35170	0.9486193164483392
WT	2	2	AKTi (MK2206)	0.09	33609	0.9033819361205944
WT	2	2	AKTi (MK2206)	0.15	32592	0.873909536509245
WT	2	2	AKTi (MK2206)	0.245	32856	0.881560188915731
WT	2	2	AKTi (MK2206)	0.41	31795.5	0.8508271704419492
WT	2	2	AKTi (MK2206)	0.675	28319.5	0.7500935804232169
WT	2	2	AKTi (MK2206)	1.11	26323	0.6922355215991667
WT	2	2	AKTi (MK2206)	1.835	24500	0.6394054483528638
WT	2	2	AKTi (MK2206)	3.03	17723	0.44300972350909285
WT	2	2	AKTi (MK2206)	5	9177.5	0.19536332146505486
WT	2	2	GSK3i (SB-216763)	0.001	34866.5	0.9398239641552767
WT	2	2	GSK3i (SB-216763)	0.00175	33500.5	0.9002376339005045
WT	2	2	GSK3i (SB-216763)	0.00275	33891	0.9115542239184318
WT	2	2	GSK3i (SB-216763)	0.0045	33271.5	0.8936012725327572
WT	2	2	GSK3i (SB-216763)	0.0075	33785	0.9084823710582517
WT	2	2	GSK3i (SB-216763)	0.01225	32940.5	0.8840089772806857
WT	2	2	GSK3i (SB-216763)	0.02025	33702.5	0.9060915421812249
WT	2	2	GSK3i (SB-216763)	0.03325	33007.5	0.8859506201262712
WT	2	2	GSK3i (SB-216763)	0.055	32041.5	0.8579561874570839
WT	2	2	GSK3i (SB-216763)	0.09	30979.5	0.8271796993673561
WT	2	2	GSK3i (SB-216763)	0.15	31811.5	0.8512908463453726
WT	2	2	GSK3i (SB-216763)	0.245	32354	0.8670123574458221
WT	2	2	GSK3i (SB-216763)	0.41	33536.5	0.9012809046832072
WT	2	2	GSK3i (SB-216763)	0.675	33214	0.8919349372548294
WT	2	2	GSK3i (SB-216763)	1.11	32415.5	0.8687946116996057
WT	2	2	GSK3i (SB-216763)	1.835	32465	0.8702291090258218
WT	2	2	GSK3i (SB-216763)	3.03	30537	0.8143561626633029
WT	2	2	GSK3i (SB-216763)	5	30565	0.8151675954942939
WT	2	2	IGF1R (OSI-906)	0.001	36037	0.9737447544650943
WT	2	2	IGF1R (OSI-906)	0.00175	34949.5	0.9422292829042855
WT	2	2	IGF1R (OSI-906)	0.00275	34932.5	0.9417366272568982
WT	2	2	IGF1R (OSI-906)	0.0045	34971	0.9428523473995107
WT	2	2	IGF1R (OSI-906)	0.0075	34314.5	0.9238271454871697
WT	2	2	IGF1R (OSI-906)	0.01225	34648.5	0.933506379971133
WT	2	2	IGF1R (OSI-906)	0.02025	33685	0.9055843966618555
WT	2	2	IGF1R (OSI-906)	0.03325	33343.5	0.8956878140981624
WT	2	2	IGF1R (OSI-906)	0.055	32728.5	0.8778652715603258
WT	2	2	IGF1R (OSI-906)	0.09	32508	0.8714752380162721
WT	2	2	IGF1R (OSI-906)	0.15	32083.5	0.8591733367035702
WT	2	2	IGF1R (OSI-906)	0.245	30864.5	0.8238470288115005
WT	2	2	IGF1R (OSI-906)	0.41	29206	0.7757841234472693
WT	2	2	IGF1R (OSI-906)	0.675	26912	0.7093045907939404
WT	2	2	IGF1R (OSI-906)	1.11	25375.5	0.6647772141933126
WT	2	2	IGF1R (OSI-906)	1.835	24494	0.63923156988908
WT	2	2	IGF1R (OSI-906)	3.03	22328	0.5764614444631382
WT	2	2	IGF1R (OSI-906)	5	20917.5	0.5355855156019697
WT	2	2	mTORi (AZD8055)	0.001	34867.5	0.9398529438992407
WT	2	2	mTORi (AZD8055)	0.00175	34052.5	0.9162344525686116
WT	2	2	mTORi (AZD8055)	0.00275	34049.5	0.9161475133367197
WT	2	2	mTORi (AZD8055)	0.0045	33027.5	0.8865302150055505
WT	2	2	mTORi (AZD8055)	0.0075	31915	0.8542902498456426
WT	2	2	mTORi (AZD8055)	0.01225	25530	0.6692545846357447
WT	2	2	mTORi (AZD8055)	0.02025	24998	0.6538373608469169
WT	2	2	mTORi (AZD8055)	0.03325	19613.5	0.49779592947296314
WT	2	2	mTORi (AZD8055)	0.055	13274.5	0.3140933324854075
WT	2	2	mTORi (AZD8055)	0.09	9489.5	0.20440500158181105
WT	2	2	mTORi (AZD8055)	0.15	7336.5	0.14201161282740069
WT	2	2	mTORi (AZD8055)	0.245	5985.5	0.10285997873208791
WT	2	2	mTORi (AZD8055)	0.41	5079.5	0.07660433070073826
WT	2	2	mTORi (AZD8055)	0.675	5283.5	0.08251619846938653
WT	2	2	mTORi (AZD8055)	1.11	4537	0.06088281960028884
WT	2	2	mTORi (AZD8055)	1.835	4681	0.06505590273109937
WT	2	2	mTORi (AZD8055)	3.03	4397	0.05682565544533414
WT	2	2	mTORi (AZD8055)	5	4329	0.05485503285578472
WT	2	3	AKTi (MK2206)	0.001	39617	1.0774922378560785
WT	2	3	AKTi (MK2206)	0.00175	38363	1.0411516389252702
WT	2	3	AKTi (MK2206)	0.00275	37807	1.0250389012813073
WT	2	3	AKTi (MK2206)	0.0045	37582	1.0185184588894158
WT	2	3	AKTi (MK2206)	0.0075	37222.5	1.0081002409343713
WT	2	3	AKTi (MK2206)	0.01225	38682	1.050396177249774
WT	2	3	AKTi (MK2206)	0.02025	38362	1.041122659181306
WT	2	3	AKTi (MK2206)	0.03325	38005.5	1.0307913804581537
WT	2	3	AKTi (MK2206)	0.055	38530	1.0459912561672517
WT	2	3	AKTi (MK2206)	0.09	36637.5	0.9911470907154536
WT	2	3	AKTi (MK2206)	0.15	36002.5	0.9727449532983377
WT	2	3	AKTi (MK2206)	0.245	36581	0.9895097351814898
WT	2	3	AKTi (MK2206)	0.41	33859	0.9106268721115849
WT	2	3	AKTi (MK2206)	0.675	32013	0.8571302647541109
WT	2	3	AKTi (MK2206)	1.11	29524	0.7849996820278093
WT	2	3	AKTi (MK2206)	1.835	24815.5	0.6485485575734938
WT	2	3	AKTi (MK2206)	3.03	20342.5	0.5189221628226914
WT	2	3	AKTi (MK2206)	5	10473.5	0.2329210696423497
WT	2	3	GSK3i (SB-216763)	0.001	37120	1.0051298171780654
WT	2	3	GSK3i (SB-216763)	0.00175	35418.5	0.9558207828233838
WT	2	3	GSK3i (SB-216763)	0.00275	34693	0.9347959785775293
WT	2	3	GSK3i (SB-216763)	0.0045	35089.5	0.9462864470592403
WT	2	3	GSK3i (SB-216763)	0.0075	34044.5	0.9160026146168999
WT	2	3	GSK3i (SB-216763)	0.01225	35560	0.9599214165942844
WT	2	3	GSK3i (SB-216763)	0.02025	35239	0.9506189187818526
WT	2	3	GSK3i (SB-216763)	0.03325	34432.5	0.9272467552749172
WT	2	3	GSK3i (SB-216763)	0.055	34468	0.9282755361856379
WT	2	3	GSK3i (SB-216763)	0.09	34661.5	0.9338831166426645
WT	2	3	GSK3i (SB-216763)	0.15	34484	0.9287392120890612
WT	2	3	GSK3i (SB-216763)	0.245	34266.5	0.9224361177768995
WT	2	3	GSK3i (SB-216763)	0.41	35033.5	0.9446635813972584
WT	2	3	GSK3i (SB-216763)	0.675	35842	0.9680937043921217
WT	2	3	GSK3i (SB-216763)	1.11	36517.5	0.9876695214397782
WT	2	3	GSK3i (SB-216763)	1.835	35840	0.9680357449041939
WT	2	3	GSK3i (SB-216763)	3.03	34124	0.9183065042620349
WT	2	3	GSK3i (SB-216763)	5	29833	0.7939544229126736
WT	2	3	IGF1R (OSI-906)	0.001	37114.5	1.0049704285862635
WT	2	3	IGF1R (OSI-906)	0.00175	35515	0.9586173281159062
WT	2	3	IGF1R (OSI-906)	0.00275	34409	0.9265657312917641
WT	2	3	IGF1R (OSI-906)	0.0045	34848.5	0.9393023287639254
WT	2	3	IGF1R (OSI-906)	0.0075	34485.5	0.9287826817050072
WT	2	3	IGF1R (OSI-906)	0.01225	35066	0.9456054230760872
WT	2	3	IGF1R (OSI-906)	0.02025	35407.5	0.9555020056397803
WT	2	3	IGF1R (OSI-906)	0.03325	33679.5	0.9054250080700538
WT	2	3	IGF1R (OSI-906)	0.055	33987.5	0.914350769210954
WT	2	3	IGF1R (OSI-906)	0.09	33800	0.9089170672177111
WT	2	3	IGF1R (OSI-906)	0.15	31922	0.8544931080533904
WT	2	3	IGF1R (OSI-906)	0.245	32267.5	0.8645056095929393
WT	2	3	IGF1R (OSI-906)	0.41	30457	0.8120377831461859
WT	2	3	IGF1R (OSI-906)	0.675	28571.5	0.7573964759021354
WT	2	3	IGF1R (OSI-906)	1.11	27106	0.714926661122949
WT	2	3	IGF1R (OSI-906)	1.835	25702	0.6742391005975462
WT	2	3	IGF1R (OSI-906)	3.03	24781	0.6475487564067371
WT	2	3	IGF1R (OSI-906)	5	22819.5	0.5907049886214255
WT	2	3	mTORi (AZD8055)	0.001	36967.5	1.000710406223561
WT	2	3	mTORi (AZD8055)	0.00175	36023	0.9733390380495989
WT	2	3	mTORi (AZD8055)	0.00275	34427	0.9270873666831154
WT	2	3	mTORi (AZD8055)	0.0045	32647.5	0.8755179122992449
WT	2	3	mTORi (AZD8055)	0.0075	32303.5	0.8655488803756419
WT	2	3	mTORi (AZD8055)	0.01225	30203	0.8046769281793396
WT	2	3	mTORi (AZD8055)	0.02025	26983	0.7113621526153817
WT	2	3	mTORi (AZD8055)	0.03325	21108	0.5411061568271045
WT	2	3	mTORi (AZD8055)	0.055	16066.5	0.3950047776327896
WT	2	3	mTORi (AZD8055)	0.09	11535	0.2636830678600955
WT	2	3	mTORi (AZD8055)	0.15	8737	0.18259774424892958
WT	2	3	mTORi (AZD8055)	0.245	6260.5	0.11082940832217748
WT	2	3	mTORi (AZD8055)	0.41	5501.5	0.08883378265353026
WT	2	3	mTORi (AZD8055)	0.675	5363.5	0.0848345779865035
WT	2	3	mTORi (AZD8055)	1.11	4974	0.07354696771254027
WT	2	3	mTORi (AZD8055)	1.835	4866	0.07041715536443235
WT	2	3	mTORi (AZD8055)	3.03	4684	0.06514284196299126
WT	2	3	mTORi (AZD8055)	5	4543	0.06105669806407261
PI3K	1	1	EGFRi (Gefitinib)	0.001	35851.5	0.9579449367543611
PI3K	1	1	EGFRi (Gefitinib)	0.00175	37462	1.0040008372644649
PI3K	1	1	EGFRi (Gefitinib)	0.00275	37686.5	1.0104209239856807
PI3K	1	1	EGFRi (Gefitinib)	0.0045	36788	0.984726278466694
PI3K	1	1	EGFRi (Gefitinib)	0.0075	37839.5	1.0147963060273113
PI3K	1	1	EGFRi (Gefitinib)	0.01225	35642.5	0.9519681076909574
PI3K	1	1	EGFRi (Gefitinib)	0.02025	37718.5	1.0113360365695512
PI3K	1	1	EGFRi (Gefitinib)	0.03325	37954.5	1.0180849918755956
PI3K	1	1	EGFRi (Gefitinib)	0.055	36646	0.980665466375769
PI3K	1	1	EGFRi (Gefitinib)	0.09	37670.5	1.0099633676937456
PI3K	1	1	EGFRi (Gefitinib)	0.15	33095.5	0.8791308654685206
PI3K	1	1	EGFRi (Gefitinib)	0.245	28372.5	0.7440659675428949
PI3K	1	1	EGFRi (Gefitinib)	0.41	17543.5	0.4343861497074936
PI3K	1	1	EGFRi (Gefitinib)	0.675	11233	0.2539230884414211
PI3K	1	1	EGFRi (Gefitinib)	1.11	8424.5	0.17360766057266822
PI3K	1	1	EGFRi (Gefitinib)	1.835	7698.5	0.15284604382610795
PI3K	1	1	EGFRi (Gefitinib)	3.03	7750.5	0.1543331017748974
PI3K	1	1	EGFRi (Gefitinib)	5	7533	0.1481131959314031
PI3K	1	1	MEKi (Trametinib)	0.001	30562	0.8066796863674042
PI3K	1	1	MEKi (Trametinib)	0.00175	26700.5	0.6962513350356652
PI3K	1	1	MEKi (Trametinib)	0.00275	21287	0.5414400233862104
PI3K	1	1	MEKi (Trametinib)	0.0045	15043	0.36287868045849364
PI3K	1	1	MEKi (Trametinib)	0.0075	10281	0.2266984890712759
PI3K	1	1	MEKi (Trametinib)	0.01225	8146	0.16564332136617094
PI3K	1	1	MEKi (Trametinib)	0.02025	7046	0.13418632629562505
PI3K	1	1	MEKi (Trametinib)	0.03325	5405.5	0.08727250773814275
PI3K	1	1	MEKi (Trametinib)	0.055	5808.5	0.09879720684126093
PI3K	1	1	MEKi (Trametinib)	0.09	5468	0.08905983700351469
PI3K	1	1	MEKi (Trametinib)	0.15	5216.5	0.08186762403965805
PI3K	1	1	MEKi (Trametinib)	0.245	5204	0.08151015818658368
PI3K	1	1	MEKi (Trametinib)	0.41	5617.5	0.09333512860628433
PI3K	1	1	MEKi (Trametinib)	0.675	5552.5	0.09147630617029753
PI3K	1	1	MEKi (Trametinib)	1.11	5870	0.10055593883838691
PI3K	1	1	MEKi (Trametinib)	1.835	5894	0.10124227327628973
PI3K	1	1	MEKi (Trametinib)	3.03	6382.5	0.1152120388144367
PI3K	1	1	MEKi (Trametinib)	5	6888.5	0.12968225654688778
PI3K	1	1	PI3Ki (BKM120)	0.001	34923	0.9313923731879956
PI3K	1	1	PI3Ki (BKM120)	0.00175	35978.5	0.9615767898215968
PI3K	1	1	PI3Ki (BKM120)	0.00275	33198	0.8820620854637305
PI3K	1	1	PI3Ki (BKM120)	0.0045	34327	0.914348401313409
PI3K	1	1	PI3Ki (BKM120)	0.0075	34811.5	0.9282037777785721
PI3K	1	1	PI3Ki (BKM120)	0.01225	35831.5	0.9573729913894421
PI3K	1	1	PI3Ki (BKM120)	0.02025	34618.5	0.9226845050071036
PI3K	1	1	PI3Ki (BKM120)	0.03325	33397	0.8877529418446747
PI3K	1	1	PI3Ki (BKM120)	0.055	32956	0.8751415465482104
PI3K	1	1	PI3Ki (BKM120)	0.09	34319	0.9141196231674413
PI3K	1	1	PI3Ki (BKM120)	0.15	32553.5	0.8636311460792152
PI3K	1	1	PI3Ki (BKM120)	0.245	31306	0.8279560539423916
PI3K	1	1	PI3Ki (BKM120)	0.41	28156	0.7378746589676466
PI3K	1	1	PI3Ki (BKM120)	0.675	25823.5	0.6711715307839663
PI3K	1	1	PI3Ki (BKM120)	1.11	17252.5	0.4260643446479219
PI3K	1	1	PI3Ki (BKM120)	1.835	5759	0.09738164206308637
PI3K	1	1	PI3Ki (BKM120)	3.03	3134.5	0.02232811155158848
PI3K	1	1	PI3Ki (BKM120)	5	2865	0.014621147759304738
PI3K	1	1	RAFi (LY3009120)	0.001	35224	0.940000150930027
PI3K	1	1	RAFi (LY3009120)	0.00175	36450.5	0.9750747004336856
PI3K	1	1	RAFi (LY3009120)	0.00275	36785	0.9846404866619561
PI3K	1	1	RAFi (LY3009120)	0.0045	34812.5	0.9282323750468181
PI3K	1	1	RAFi (LY3009120)	0.0075	32996	0.8762854372780484
PI3K	1	1	RAFi (LY3009120)	0.01225	37069.5	0.9927764094779291
PI3K	1	1	RAFi (LY3009120)	0.02025	34481	0.9187523806232853
PI3K	1	1	RAFi (LY3009120)	0.03325	33227.5	0.882905704876986
PI3K	1	1	RAFi (LY3009120)	0.055	31911	0.8452574012311919
PI3K	1	1	RAFi (LY3009120)	0.09	25714.5	0.6680544285451576
PI3K	1	1	RAFi (LY3009120)	0.15	17876.5	0.44390904003339526
PI3K	1	1	RAFi (LY3009120)	0.245	12715.5	0.2963185386160431
PI3K	1	1	RAFi (LY3009120)	0.41	9578.5	0.20660890812849547
PI3K	1	1	RAFi (LY3009120)	0.675	7090.5	0.13545890473256986
PI3K	1	1	RAFi (LY3009120)	1.11	5795	0.0984111437199406
PI3K	1	1	RAFi (LY3009120)	1.835	5858.5	0.10022707025355848
PI3K	1	1	RAFi (LY3009120)	3.03	5994	0.10410200010088481
PI3K	1	1	RAFi (LY3009120)	5	6915.5	0.13045438278952845
PI3K	1	2	EGFRi (Gefitinib)	0.001	38524	1.0343711361416645
PI3K	1	2	EGFRi (Gefitinib)	0.00175	39674.5	1.067272293258631
PI3K	1	2	EGFRi (Gefitinib)	0.00275	38177.5	1.0244621826944427
PI3K	1	2	EGFRi (Gefitinib)	0.0045	35514	0.9482933587213527
PI3K	1	2	EGFRi (Gefitinib)	0.0075	36753.5	0.9837396727122087
PI3K	1	2	EGFRi (Gefitinib)	0.01225	36063	0.9639932589883796
PI3K	1	2	EGFRi (Gefitinib)	0.02025	37219.5	0.9970659997148218
PI3K	1	2	EGFRi (Gefitinib)	0.03325	37268	0.9984529672247504
PI3K	1	2	EGFRi (Gefitinib)	0.055	37937.5	1.0175988383154144
PI3K	1	2	EGFRi (Gefitinib)	0.09	35474.5	0.9471637666256376
PI3K	1	2	EGFRi (Gefitinib)	0.15	34785.5	0.9274602488041774
PI3K	1	2	EGFRi (Gefitinib)	0.245	29711.5	0.782357709724223
PI3K	1	2	EGFRi (Gefitinib)	0.41	20222.5	0.5109982313383958
PI3K	1	2	EGFRi (Gefitinib)	0.675	12867	0.3006510247553047
PI3K	1	2	EGFRi (Gefitinib)	1.11	8752	0.1829732659232171
PI3K	1	2	EGFRi (Gefitinib)	1.835	7827	0.15652079279571263
PI3K	1	2	EGFRi (Gefitinib)	3.03	7361	0.14319446579309955
PI3K	1	2	EGFRi (Gefitinib)	5	7929.5	0.15945201279092258
PI3K	1	2	ERKi (SCH772984)	0.001	36102.5	0.9651228510840947
PI3K	1	2	ERKi (SCH772984)	0.00175	33884.5	0.9016941101145758
PI3K	1	2	ERKi (SCH772984)	0.00275	29755.5	0.7836159895270448
PI3K	1	2	ERKi (SCH772984)	0.0045	30662.5	0.8095537118261222
PI3K	1	2	ERKi (SCH772984)	0.0075	27287	0.7130236328619153
PI3K	1	2	ERKi (SCH772984)	0.01225	24432	0.6313784320197258
PI3K	1	2	ERKi (SCH772984)	0.02025	18120.5	0.45088677348540723
PI3K	1	2	ERKi (SCH772984)	0.03325	14509	0.3476077392151559
PI3K	1	2	ERKi (SCH772984)	0.055	11567.5	0.2634888746696916
PI3K	1	2	ERKi (SCH772984)	0.09	8781.5	0.18381688533647267
PI3K	1	2	ERKi (SCH772984)	0.15	6832.5	0.12808080952511455
PI3K	1	2	ERKi (SCH772984)	0.245	6125	0.10784824224110437
PI3K	1	2	ERKi (SCH772984)	0.41	5651.5	0.09430743572664665
PI3K	1	2	ERKi (SCH772984)	0.675	5694	0.09552281962709956
PI3K	1	2	ERKi (SCH772984)	1.11	6367	0.11476878115662446
PI3K	1	2	ERKi (SCH772984)	1.835	5911.5	0.10174272547059386
PI3K	1	2	ERKi (SCH772984)	3.03	5416.5	0.08758707768884821
PI3K	1	2	ERKi (SCH772984)	5	6056	0.10587503073213377
PI3K	1	2	MEKi (Trametinib)	0.001	30103.5	0.7935678388766357
PI3K	1	2	MEKi (Trametinib)	0.00175	29419	0.7739930087622824
PI3K	1	2	MEKi (Trametinib)	0.00275	19700.5	0.4960704573140095
PI3K	1	2	MEKi (Trametinib)	0.0045	16352	0.4003125045924432
PI3K	1	2	MEKi (Trametinib)	0.0075	10002.5	0.2187341498647786
PI3K	1	2	MEKi (Trametinib)	0.01225	7762.5	0.1546762689938488
PI3K	1	2	MEKi (Trametinib)	0.02025	6686.5	0.12390560836120573
PI3K	1	2	MEKi (Trametinib)	0.03325	5374.5	0.08638599242251828
PI3K	1	2	MEKi (Trametinib)	0.055	5662	0.09460770704322914
PI3K	1	2	MEKi (Trametinib)	0.09	5405.5	0.08727250773814275
PI3K	1	2	MEKi (Trametinib)	0.15	5095.5	0.07840735458189801
PI3K	1	2	MEKi (Trametinib)	0.245	5264.5	0.0832402929154637
PI3K	1	2	MEKi (Trametinib)	0.41	5006.5	0.0758621977080084
PI3K	1	2	MEKi (Trametinib)	0.675	5371.5	0.08630020061778043
PI3K	1	2	MEKi (Trametinib)	1.11	5600.5	0.09284897504610316
PI3K	1	2	MEKi (Trametinib)	1.835	6210	0.11027901004201018
PI3K	1	2	MEKi (Trametinib)	3.03	6424.5	0.11641312408076664
PI3K	1	2	MEKi (Trametinib)	5	7542	0.14837057134561665
PI3K	1	2	PI3Ki (BKM120)	0.001	38497	1.033599009899024
PI3K	1	2	PI3Ki (BKM120)	0.00175	37786.5	1.0132806508102759
PI3K	1	2	PI3Ki (BKM120)	0.00275	38595	1.036401542187127
PI3K	1	2	PI3Ki (BKM120)	0.0045	35591.5	0.9505096470104138
PI3K	1	2	PI3Ki (BKM120)	0.0075	36628	0.9801507155473419
PI3K	1	2	PI3Ki (BKM120)	0.01225	36614	0.9797503537918986
PI3K	1	2	PI3Ki (BKM120)	0.02025	36428	0.9744312618981518
PI3K	1	2	PI3Ki (BKM120)	0.03325	37205.5	0.9966656379593785
PI3K	1	2	PI3Ki (BKM120)	0.055	37781	1.0131233658349232
PI3K	1	2	PI3Ki (BKM120)	0.09	36200.5	0.9679253833721979
PI3K	1	2	PI3Ki (BKM120)	0.15	33963	0.90393899567188285
PI3K	1	2	PI3Ki (BKM120)	0.245	35794.5	0.9563148924643419
PI3K	1	2	PI3Ki (BKM120)	0.41	34131	0.9087433367372026
PI3K	1	2	PI3Ki (BKM120)	0.675	33073.5	0.8785017255671096
PI3K	1	2	PI3Ki (BKM120)	1.11	26733.5	0.6971950448877815
PI3K	1	2	PI3Ki (BKM120)	1.835	9220	0.1963567874623221
PI3K	1	2	PI3Ki (BKM120)	3.03	3728.5	0.03931488888968326
PI3K	1	2	PI3Ki (BKM120)	5	3313.5	0.027447022567613676
PI3K	1	2	RAFi (LY3009120)	0.001	37985	1.018957208557097
PI3K	1	2	RAFi (LY3009120)	0.00175	34481	0.9187523806232853
PI3K	1	2	RAFi (LY3009120)	0.00275	32733	0.8687643557293634
PI3K	1	2	RAFi (LY3009120)	0.0045	34797	0.9277891173890058
PI3K	1	2	RAFi (LY3009120)	0.0075	35636.5	0.9517965240814816
PI3K	1	2	RAFi (LY3009120)	0.01225	34871	0.9299053152392062
PI3K	1	2	RAFi (LY3009120)	0.02025	32780.5	0.870122725971046
PI3K	1	2	RAFi (LY3009120)	0.03325	32031.5	0.8487033720548289
PI3K	1	2	RAFi (LY3009120)	0.055	29875	0.787033363082436
PI3K	1	2	RAFi (LY3009120)	0.09	26123	0.6797364126236286
PI3K	1	2	RAFi (LY3009120)	0.15	19237	0.4828156234820113
PI3K	1	2	RAFi (LY3009120)	0.245	13533	0.31969680540710793
PI3K	1	2	RAFi (LY3009120)	0.41	9453.5	0.2030342495977516
PI3K	1	2	RAFi (LY3009120)	0.675	6954.5	0.13156967625112054
PI3K	1	2	RAFi (LY3009120)	1.11	6963	0.13181275303121112
PI3K	1	2	RAFi (LY3009120)	1.835	6513.5	0.11895828095465624
PI3K	1	2	RAFi (LY3009120)	3.03	6672	0.12349094797163944
PI3K	1	2	RAFi (LY3009120)	5	6323	0.11351050135380263
PI3K	1	3	EGFRi (Gefitinib)	0.001	39330	1.057420534347901
PI3K	1	3	EGFRi (Gefitinib)	0.00175	38892	1.0448949308561746
PI3K	1	3	EGFRi (Gefitinib)	0.00275	37075	0.9929336944532818
PI3K	1	3	EGFRi (Gefitinib)	0.0045	38497	1.033599009899024
PI3K	1	3	EGFRi (Gefitinib)	0.0075	36244	0.9691693645408967
PI3K	1	3	EGFRi (Gefitinib)	0.01225	39148.5	1.0522301301612609
PI3K	1	3	EGFRi (Gefitinib)	0.02025	36384.5	0.9731872807294528
PI3K	1	3	EGFRi (Gefitinib)	0.03325	37557.5	1.006731876381953
PI3K	1	3	EGFRi (Gefitinib)	0.055	37503.5	1.0051876238966717
PI3K	1	3	EGFRi (Gefitinib)	0.09	36202	0.9679682792745669
PI3K	1	3	EGFRi (Gefitinib)	0.15	34521.5	0.9199105699872464
PI3K	1	3	EGFRi (Gefitinib)	0.245	28664	0.7524020712365895
PI3K	1	3	EGFRi (Gefitinib)	0.41	17804.5	0.4418500367196868
PI3K	1	3	EGFRi (Gefitinib)	0.675	10642.5	0.2370364015421871
PI3K	1	3	EGFRi (Gefitinib)	1.11	7710	0.15317491241093636
PI3K	1	3	EGFRi (Gefitinib)	1.835	7289	0.1411354624793911
PI3K	1	3	EGFRi (Gefitinib)	3.03	6833.5	0.1281094067933605
PI3K	1	3	EGFRi (Gefitinib)	5	8200	0.16718757385145228
PI3K	1	3	ERKi (SCH772984)	0.001	35190.5	0.9390421424437876
PI3K	1	3	ERKi (SCH772984)	0.00175	32597	0.864875127247914
PI3K	1	3	ERKi (SCH772984)	0.00275	30179	0.795726932629205
PI3K	1	3	ERKi (SCH772984)	0.0045	31922.5	0.8455862698160203
PI3K	1	3	ERKi (SCH772984)	0.0075	29400	0.7734496606656094
PI3K	1	3	ERKi (SCH772984)	0.01225	24773.5	0.641144399125718
PI3K	1	3	ERKi (SCH772984)	0.02025	20423	0.516731983621709
PI3K	1	3	ERKi (SCH772984)	0.03325	18292	0.4557912049895878
PI3K	1	3	ERKi (SCH772984)	0.055	15577.5	0.37816392033595436
PI3K	1	3	ERKi (SCH772984)	0.09	12126	0.2794604489850551
PI3K	1	3	ERKi (SCH772984)	0.15	10275	0.22652690546180018
PI3K	1	3	ERKi (SCH772984)	0.245	8220.5	0.16777381785049428
PI3K	1	3	ERKi (SCH772984)	0.41	7193	0.1383901247277798
PI3K	1	3	ERKi (SCH772984)	0.675	6491.5	0.11832914105324532
PI3K	1	3	ERKi (SCH772984)	1.11	7078	0.13510143887949547
PI3K	1	3	ERKi (SCH772984)	1.835	6494.5	0.11841493285798317
PI3K	1	3	ERKi (SCH772984)	3.03	6558	0.12023085939160105
PI3K	1	3	ERKi (SCH772984)	5	6469.5	0.1177000011518344
PI3K	1	3	MEKi (Trametinib)	0.001	27340	0.7145392880789507
PI3K	1	3	MEKi (Trametinib)	0.00175	24434	0.6314356265562177
PI3K	1	3	MEKi (Trametinib)	0.00275	18934	0.4741506512034882
PI3K	1	3	MEKi (Trametinib)	0.0045	15354.5	0.3717867295171073
PI3K	1	3	MEKi (Trametinib)	0.0075	11693.5	0.2670921304686814
PI3K	1	3	MEKi (Trametinib)	0.01225	8310	0.17033327335850687
PI3K	1	3	MEKi (Trametinib)	0.02025	7643	0.15125889543845766
PI3K	1	3	MEKi (Trametinib)	0.03325	6314.5	0.11326742457371204
PI3K	1	3	MEKi (Trametinib)	0.055	5701.5	0.0957372991389442
PI3K	1	3	MEKi (Trametinib)	0.09	5597.5	0.09276318324136532
PI3K	1	3	MEKi (Trametinib)	0.15	6105	0.10727629687618535
PI3K	1	3	MEKi (Trametinib)	0.245	5625	0.09354960811812896
PI3K	1	3	MEKi (Trametinib)	0.41	6307	0.11305294506186742
PI3K	1	3	MEKi (Trametinib)	0.675	6259.5	0.11169457482018474
PI3K	1	3	MEKi (Trametinib)	1.11	6016.5	0.1047454386364187
PI3K	1	3	MEKi (Trametinib)	1.835	6977.5	0.1322274134207774
PI3K	1	3	MEKi (Trametinib)	3.03	6392	0.11548371286277323
PI3K	1	3	MEKi (Trametinib)	5	6824	0.12783773274502397
PI3K	1	3	PI3Ki (BKM120)	0.001	35185.5	0.9388991561025578
PI3K	1	3	PI3Ki (BKM120)	0.00175	34786	0.9274745474383004
PI3K	1	3	PI3Ki (BKM120)	0.00275	35654	0.9522969762757858
PI3K	1	3	PI3Ki (BKM120)	0.0045	35218	0.9398285673205512
PI3K	1	3	PI3Ki (BKM120)	0.0075	38188.5	1.0247767526451481
PI3K	1	3	PI3Ki (BKM120)	0.01225	34271	0.9127469542916358
PI3K	1	3	PI3Ki (BKM120)	0.02025	33532.5	0.8916278716920011
PI3K	1	3	PI3Ki (BKM120)	0.03325	35117	0.9369402432277101
PI3K	1	3	PI3Ki (BKM120)	0.055	33990	0.9047111219145235
PI3K	1	3	PI3Ki (BKM120)	0.09	36740	0.9833536095908884
PI3K	1	3	PI3Ki (BKM120)	0.15	33464.5	0.8896832574512764
PI3K	1	3	PI3Ki (BKM120)	0.245	32788	0.8703372054828907
PI3K	1	3	PI3Ki (BKM120)	0.41	32032.5	0.8487319693230748
PI3K	1	3	PI3Ki (BKM120)	0.675	28380	0.7442804470547395
PI3K	1	3	PI3Ki (BKM120)	1.11	20660	0.5235095361959993
PI3K	1	3	PI3Ki (BKM120)	1.835	5972.5	0.10348715883359687
PI3K	1	3	PI3Ki (BKM120)	3.03	3318.5	0.02759000890884343
PI3K	1	3	PI3Ki (BKM120)	5	3073.5	0.02058367818858548
PI3K	1	3	RAFi (LY3009120)	0.001	35841.5	0.9576589640719015
PI3K	1	3	RAFi (LY3009120)	0.00175	35427	0.945805396383955
PI3K	1	3	RAFi (LY3009120)	0.00275	33390.5	0.8875670596010761
PI3K	1	3	RAFi (LY3009120)	0.0045	34379	0.9158354592621984
PI3K	1	3	RAFi (LY3009120)	0.0075	34749.5	0.9264307471473232
PI3K	1	3	RAFi (LY3009120)	0.01225	33025	0.877114758057181
PI3K	1	3	RAFi (LY3009120)	0.02025	32901	0.8735686967946831
PI3K	1	3	RAFi (LY3009120)	0.03325	33516.5	0.8911703154000659
PI3K	1	3	RAFi (LY3009120)	0.055	30957.5	0.8179899059586777
PI3K	1	3	RAFi (LY3009120)	0.09	26124	0.6797650098918745
PI3K	1	3	RAFi (LY3009120)	0.15	19599	0.4931678345870455
PI3K	1	3	RAFi (LY3009120)	0.245	13740.5	0.32563073856814273
PI3K	1	3	RAFi (LY3009120)	0.41	10387.5	0.22974409813946967
PI3K	1	3	RAFi (LY3009120)	0.675	7340	0.14259392315993458
PI3K	1	3	RAFi (LY3009120)	1.11	6547	0.1199162894408956
PI3K	1	3	RAFi (LY3009120)	1.835	6190	0.10970706467709117
PI3K	1	3	RAFi (LY3009120)	3.03	6008.5	0.1045166604904511
PI3K	1	3	RAFi (LY3009120)	5	6880.5	0.1294534784009202
PI3K	2	1	AKTi (MK2206)	0.001	35449.5	0.9464488349194888
PI3K	2	1	AKTi (MK2206)	0.00175	39342.5	1.0577780002009753
PI3K	2	1	AKTi (MK2206)	0.00275	39753	1.069517178815938
PI3K	2	1	AKTi (MK2206)	0.0045	34258.5	0.9123894884385614
PI3K	2	1	AKTi (MK2206)	0.0075	35876	0.9586455698263868
PI3K	2	1	AKTi (MK2206)	0.01225	36129.5	0.9658949773267353
PI3K	2	1	AKTi (MK2206)	0.02025	37194	0.9963367693745501
PI3K	2	1	AKTi (MK2206)	0.03325	35095	0.9363111033262992
PI3K	2	1	AKTi (MK2206)	0.055	34286	0.913175913315325
PI3K	2	1	AKTi (MK2206)	0.09	31336.5	0.8288282706238931
PI3K	2	1	AKTi (MK2206)	0.15	31756.5	0.8408391232871925
PI3K	2	1	AKTi (MK2206)	0.245	29928	0.7885490182994713
PI3K	2	1	AKTi (MK2206)	0.41	27656.5	0.7235903234787942
PI3K	2	1	AKTi (MK2206)	0.675	26579.5	0.6927910655779052
PI3K	2	1	AKTi (MK2206)	1.11	22236	0.5685788309516178
PI3K	2	1	AKTi (MK2206)	1.835	18671.5	0.4666438682889261
PI3K	2	1	AKTi (MK2206)	3.03	15509.5	0.3762193060952297
PI3K	2	1	AKTi (MK2206)	5	9567	0.20628003954366703
PI3K	2	1	GSK3i (SB-216763)	0.001	35589.5	0.950452452473922
PI3K	2	1	GSK3i (SB-216763)	0.00175	37561.5	1.006846265454937
PI3K	2	1	GSK3i (SB-216763)	0.00275	34003	0.9050828864017209
PI3K	2	1	GSK3i (SB-216763)	0.0045	36757	0.9838397631510696
PI3K	2	1	GSK3i (SB-216763)	0.0075	35976.5	0.9615195952851049
PI3K	2	1	GSK3i (SB-216763)	0.01225	35258.5	0.9409867566845123
PI3K	2	1	GSK3i (SB-216763)	0.02025	32626.5	0.8657187466611697
PI3K	2	1	GSK3i (SB-216763)	0.03325	33791	0.8990202655335794
PI3K	2	1	GSK3i (SB-216763)	0.055	34922	0.9313637759197497
PI3K	2	1	GSK3i (SB-216763)	0.09	33920.5	0.90272361177143
PI3K	2	1	GSK3i (SB-216763)	0.15	35104	0.9365684787405127
PI3K	2	1	GSK3i (SB-216763)	0.245	32315	0.8568106976025559
PI3K	2	1	GSK3i (SB-216763)	0.41	36484.5	0.9760470075540479
PI3K	2	1	GSK3i (SB-216763)	0.675	34692.5	0.924800702857304
PI3K	2	1	GSK3i (SB-216763)	1.11	37520.5	1.005673777456853
PI3K	2	1	GSK3i (SB-216763)	1.835	37556	1.0066889804795842
PI3K	2	1	GSK3i (SB-216763)	3.03	37079.5	0.9930623821603887
PI3K	2	1	GSK3i (SB-216763)	5	32967	0.8754561164989159
PI3K	2	1	IGF1R (OSI-906)	0.001	37023.5	0.9914609351386154
PI3K	2	1	IGF1R (OSI-906)	0.00175	37256.5	0.9981240986399219
PI3K	2	1	IGF1R (OSI-906)	0.00275	37300	0.9993680798086209
PI3K	2	1	IGF1R (OSI-906)	0.0045	35694.5	0.9534551656397467
PI3K	2	1	IGF1R (OSI-906)	0.0075	35876.5	0.9586598684605099
PI3K	2	1	IGF1R (OSI-906)	0.01225	34315	0.9140052340944576
PI3K	2	1	IGF1R (OSI-906)	0.02025	35928	0.9601326277751763
PI3K	2	1	IGF1R (OSI-906)	0.03325	36695.5	0.9820810311539435
PI3K	2	1	IGF1R (OSI-906)	0.055	35329	0.9430028640958518
PI3K	2	1	IGF1R (OSI-906)	0.09	36742.5	0.9834251027615032
PI3K	2	1	IGF1R (OSI-906)	0.15	36959	0.9896164113367516
PI3K	2	1	IGF1R (OSI-906)	0.245	36997.5	0.9907174061642207
PI3K	2	1	IGF1R (OSI-906)	0.41	34591	0.92189808013034
PI3K	2	1	IGF1R (OSI-906)	0.675	34970.5	0.9327507434296783
PI3K	2	1	IGF1R (OSI-906)	1.11	35075.5	0.9357534565955031
PI3K	2	1	IGF1R (OSI-906)	1.835	35285	0.94174458429303
PI3K	2	1	IGF1R (OSI-906)	3.03	33530	0.8915563785213861
PI3K	2	1	IGF1R (OSI-906)	5	28380.5	0.7442947456888626
PI3K	2	1	mTORi (AZD8055)	0.001	37331	1.0002545951242452
PI3K	2	1	mTORi (AZD8055)	0.00175	33477	0.8900407233043508
PI3K	2	1	mTORi (AZD8055)	0.00275	30321.5	0.799802043354253
PI3K	2	1	mTORi (AZD8055)	0.0045	25978.5	0.6756041073620886
PI3K	2	1	mTORi (AZD8055)	0.0075	24284.5	0.627160334953448
PI3K	2	1	mTORi (AZD8055)	0.01225	21252	0.5404391189976022
PI3K	2	1	mTORi (AZD8055)	0.02025	16114.5	0.3935206533840299
PI3K	2	1	mTORi (AZD8055)	0.03325	14079.5	0.33532521250352004
PI3K	2	1	mTORi (AZD8055)	0.055	10654	0.23736527012701555
PI3K	2	1	mTORi (AZD8055)	0.09	8149	0.16572911317090877
PI3K	2	1	mTORi (AZD8055)	0.15	6552.5	0.12007357441624832
PI3K	2	1	mTORi (AZD8055)	0.245	6030.5	0.10514580039186201
PI3K	2	1	mTORi (AZD8055)	0.41	5064.5	0.07752083926627354
PI3K	2	1	mTORi (AZD8055)	0.675	5179	0.0807952264804349
PI3K	2	1	mTORi (AZD8055)	1.11	4750.5	0.06854129703704498
PI3K	2	1	mTORi (AZD8055)	1.835	5037	0.07673441438950988
PI3K	2	1	mTORi (AZD8055)	3.03	5291.5	0.08401241915810437
PI3K	2	1	mTORi (AZD8055)	5	5289.5	0.08395522462161246
PI3K	2	2	AKTi (MK2206)	0.001	38145	1.0235327714764493
PI3K	2	2	AKTi (MK2206)	0.00175	40339.5	1.0862894766421882
PI3K	2	2	AKTi (MK2206)	0.00275	38643.5	1.0377885096970558
PI3K	2	2	AKTi (MK2206)	0.0045	38929.5	1.0459673284153976
PI3K	2	2	AKTi (MK2206)	0.0075	37354	1.0009123322939022
PI3K	2	2	AKTi (MK2206)	0.01225	38780.5	1.041706335446751
PI3K	2	2	AKTi (MK2206)	0.02025	36779	0.9844689030524805
PI3K	2	2	AKTi (MK2206)	0.03325	39309.5	1.056834290348859
PI3K	2	2	AKTi (MK2206)	0.055	35784	0.9560146211477594
PI3K	2	2	AKTi (MK2206)	0.09	36128	0.9658520814243665
PI3K	2	2	AKTi (MK2206)	0.15	36466	0.9755179580914979
PI3K	2	2	AKTi (MK2206)	0.245	30896	0.8162311739615518
PI3K	2	2	AKTi (MK2206)	0.41	27857.5	0.7293383743962303
PI3K	2	2	AKTi (MK2206)	0.675	25570.5	0.6639364219177407
PI3K	2	2	AKTi (MK2206)	1.11	24706	0.6392140835191162
PI3K	2	2	AKTi (MK2206)	1.835	22820	0.585279635607253
PI3K	2	2	AKTi (MK2206)	3.03	18169	0.45227374099533585
PI3K	2	2	AKTi (MK2206)	5	11425	0.2594137639446436
PI3K	2	2	GSK3i (SB-216763)	0.001	37258	0.9981669945422909
PI3K	2	2	GSK3i (SB-216763)	0.00175	33952	0.9036244257211774
PI3K	2	2	GSK3i (SB-216763)	0.00275	34461	0.9181804352583663
PI3K	2	2	GSK3i (SB-216763)	0.0045	33880.5	0.9015797210415919
PI3K	2	2	GSK3i (SB-216763)	0.0075	31703	0.8393091694360341
PI3K	2	2	GSK3i (SB-216763)	0.01225	33593.5	0.8933723050550041
PI3K	2	2	GSK3i (SB-216763)	0.02025	32224	0.8542083461921745
PI3K	2	2	GSK3i (SB-216763)	0.03325	32369.5	0.8583692487219603
PI3K	2	2	GSK3i (SB-216763)	0.055	32787.5	0.8703229068487677
PI3K	2	2	GSK3i (SB-216763)	0.09	32295	0.8562387522376369
PI3K	2	2	GSK3i (SB-216763)	0.15	31081	0.8215216685870527
PI3K	2	2	GSK3i (SB-216763)	0.245	31866.5	0.843984822794247
PI3K	2	2	GSK3i (SB-216763)	0.41	32329	0.8572110593579992
PI3K	2	2	GSK3i (SB-216763)	0.675	34923.5	0.9314066718221187
PI3K	2	2	GSK3i (SB-216763)	1.11	34013.5	0.9053831577183034
PI3K	2	2	GSK3i (SB-216763)	1.835	33890	0.9018513950899285
PI3K	2	2	GSK3i (SB-216763)	3.03	36099.5	0.9650370592793569
PI3K	2	2	GSK3i (SB-216763)	5	34318	0.9140910258991954
PI3K	2	2	IGF1R (OSI-906)	0.001	36661.5	0.9811087240335812
PI3K	2	2	IGF1R (OSI-906)	0.00175	37906.5	1.01671232299979
PI3K	2	2	IGF1R (OSI-906)	0.00275	37300.5	0.9993823784427438
PI3K	2	2	IGF1R (OSI-906)	0.0045	36091	0.9647939824992663
PI3K	2	2	IGF1R (OSI-906)	0.0075	34658	0.9238140971028187
PI3K	2	2	IGF1R (OSI-906)	0.01225	36817.5	0.9855698978799495
PI3K	2	2	IGF1R (OSI-906)	0.02025	35213	0.9396855809793215
PI3K	2	2	IGF1R (OSI-906)	0.03325	35839	0.9575874709012867
PI3K	2	2	IGF1R (OSI-906)	0.055	34764	0.9268454075368895
PI3K	2	2	IGF1R (OSI-906)	0.09	33038.5	0.8775008211785014
PI3K	2	2	IGF1R (OSI-906)	0.15	34854	0.929419161679025
PI3K	2	2	IGF1R (OSI-906)	0.245	34026.5	0.9057549222055008
PI3K	2	2	IGF1R (OSI-906)	0.41	36713	0.9825814833482477
PI3K	2	2	IGF1R (OSI-906)	0.675	36657.5	0.9809943349605974
PI3K	2	2	IGF1R (OSI-906)	1.11	35654	0.9522969762757858
PI3K	2	2	IGF1R (OSI-906)	1.835	35065.5	0.9354674839130437
PI3K	2	2	IGF1R (OSI-906)	3.03	32614.5	0.8653755794422182
PI3K	2	2	IGF1R (OSI-906)	5	29414	0.7738500224210526
PI3K	2	2	mTORi (AZD8055)	0.001	38619	1.03708787662503
PI3K	2	2	mTORi (AZD8055)	0.00175	34492.5	0.9190812492081138
PI3K	2	2	mTORi (AZD8055)	0.00275	32259.5	0.8552235492149057
PI3K	2	2	mTORi (AZD8055)	0.0045	29039	0.7631260468288211
PI3K	2	2	mTORi (AZD8055)	0.0075	29394	0.7732780770561336
PI3K	2	2	mTORi (AZD8055)	0.01225	22765	0.5837067858537257
PI3K	2	2	mTORi (AZD8055)	0.02025	18568	0.4636840510254702
PI3K	2	2	mTORi (AZD8055)	0.03325	13859	0.3290195148552879
PI3K	2	2	mTORi (AZD8055)	0.055	12287.5	0.2840789078067762
PI3K	2	2	mTORi (AZD8055)	0.09	7914.5	0.15902305376723333
PI3K	2	2	mTORi (AZD8055)	0.15	6666.5	0.12333366299628672
PI3K	2	2	mTORi (AZD8055)	0.245	5959.5	0.1031153943463995
PI3K	2	2	mTORi (AZD8055)	0.41	5531	0.09086146490300959
PI3K	2	2	mTORi (AZD8055)	0.675	5087.5	0.0781785764359304
PI3K	2	2	mTORi (AZD8055)	1.11	4824.5	0.07065749488724535
PI3K	2	2	mTORi (AZD8055)	1.835	5100	0.07853604228900479
PI3K	2	2	mTORi (AZD8055)	3.03	5230	0.08225368716097839
PI3K	2	2	mTORi (AZD8055)	5	5327.5	0.0850419208149586
PI3K	2	3	AKTi (MK2206)	0.001	37037.5	0.9918612968940588
PI3K	2	3	AKTi (MK2206)	0.00175	40225.5	1.08302938806215
PI3K	2	3	AKTi (MK2206)	0.00275	37526	1.0058310624322058
PI3K	2	3	AKTi (MK2206)	0.0045	37658.5	1.0096202004747943
PI3K	2	3	AKTi (MK2206)	0.0075	34357.5	0.9152206179949105
PI3K	2	3	AKTi (MK2206)	0.01225	35447.5	0.946391640382997
PI3K	2	3	AKTi (MK2206)	0.02025	36805	0.9852124320268751
PI3K	2	3	AKTi (MK2206)	0.03325	34219.5	0.9112741949769693
PI3K	2	3	AKTi (MK2206)	0.055	34142.5	0.909072205322031
PI3K	2	3	AKTi (MK2206)	0.09	30484.5	0.804463398078343
PI3K	2	3	AKTi (MK2206)	0.15	30893	0.8161453821568139
PI3K	2	3	AKTi (MK2206)	0.245	28512.5	0.748069585097328
PI3K	2	3	AKTi (MK2206)	0.41	24949	0.6461632197028823
PI3K	2	3	AKTi (MK2206)	0.675	22757.5	0.5834923063418811
PI3K	2	3	AKTi (MK2206)	1.11	24848	0.6432748956100413
PI3K	2	3	AKTi (MK2206)	1.835	21427.5	0.5454579395747665
PI3K	2	3	AKTi (MK2206)	3.03	16522	0.4051740401942549
PI3K	2	3	AKTi (MK2206)	5	10801	0.24156906855917032
PI3K	2	3	GSK3i (SB-216763)	0.001	36913.5	0.9883152356315609
PI3K	2	3	GSK3i (SB-216763)	0.00175	35315.5	0.9426168009745315
PI3K	2	3	GSK3i (SB-216763)	0.00275	33234.5	0.8831058857547077
PI3K	2	3	GSK3i (SB-216763)	0.0045	36428.5	0.9744455605322747
PI3K	2	3	GSK3i (SB-216763)	0.0075	34226.5	0.9114743758546909
PI3K	2	3	GSK3i (SB-216763)	0.01225	33836.5	0.9003214412387701
PI3K	2	3	GSK3i (SB-216763)	0.02025	32060	0.8495183941998385
PI3K	2	3	GSK3i (SB-216763)	0.03325	32737.5	0.8688930434364701
PI3K	2	3	GSK3i (SB-216763)	0.055	33018.5	0.8769288758135824
PI3K	2	3	GSK3i (SB-216763)	0.09	33909	0.9023947431866015
PI3K	2	3	GSK3i (SB-216763)	0.15	33525.5	0.8914276908142794
PI3K	2	3	GSK3i (SB-216763)	0.245	35217	0.9397999700523053
PI3K	2	3	GSK3i (SB-216763)	0.41	36023.5	0.9628636668926646
PI3K	2	3	GSK3i (SB-216763)	0.675	35784.5	0.9560289197818824
PI3K	2	3	GSK3i (SB-216763)	1.11	34985.5	0.9331797024533676
PI3K	2	3	GSK3i (SB-216763)	1.835	34332.5	0.9145056862887617
PI3K	2	3	GSK3i (SB-216763)	3.03	36208	0.9681398628840425
PI3K	2	3	GSK3i (SB-216763)	5	33782	0.8987628901193658
PI3K	2	3	IGF1R (OSI-906)	0.001	35767.5	0.9555427662217012
PI3K	2	3	IGF1R (OSI-906)	0.00175	34748.5	0.9264021498790772
PI3K	2	3	IGF1R (OSI-906)	0.00275	35630.5	0.951624940472006
PI3K	2	3	IGF1R (OSI-906)	0.0045	34537.5	0.9203681262791816
PI3K	2	3	IGF1R (OSI-906)	0.0075	36823.5	0.9857414814894253
PI3K	2	3	IGF1R (OSI-906)	0.01225	35084.5	0.9360108320097167
PI3K	2	3	IGF1R (OSI-906)	0.02025	36130	0.9659092759608584
PI3K	2	3	IGF1R (OSI-906)	0.03325	35172	0.9385130929812375
PI3K	2	3	IGF1R (OSI-906)	0.055	36796.5	0.9849693552467846
PI3K	2	3	IGF1R (OSI-906)	0.09	34181	0.9101732001495002
PI3K	2	3	IGF1R (OSI-906)	0.15	33342	0.8861800920911475
PI3K	2	3	IGF1R (OSI-906)	0.245	35414	0.9454336318967576
PI3K	2	3	IGF1R (OSI-906)	0.41	36272.5	0.9699843866859064
PI3K	2	3	IGF1R (OSI-906)	0.675	34644.5	0.9234280339814983
PI3K	2	3	IGF1R (OSI-906)	1.11	34197.5	0.9106450550755584
PI3K	2	3	IGF1R (OSI-906)	1.835	31348.5	0.8291714378428445
PI3K	2	3	IGF1R (OSI-906)	3.03	31199	0.8248961462400749
PI3K	2	3	IGF1R (OSI-906)	5	29360	0.7723057699357713
PI3K	2	3	mTORi (AZD8055)	0.001	33125	0.8799744848817761
PI3K	2	3	mTORi (AZD8055)	0.00175	33529.5	0.8915420798872632
PI3K	2	3	mTORi (AZD8055)	0.00275	31177	0.8242670063386639
PI3K	2	3	mTORi (AZD8055)	0.0045	30100	0.7934677484377749
PI3K	2	3	mTORi (AZD8055)	0.0075	27362.5	0.7151827266144846
PI3K	2	3	mTORi (AZD8055)	0.01225	22419	0.5738121310406268
PI3K	2	3	mTORi (AZD8055)	0.02025	18725.5	0.46818812077420746
PI3K	2	3	mTORi (AZD8055)	0.03325	14326	0.3423744391261469
PI3K	2	3	mTORi (AZD8055)	0.055	11811.5	0.2704666081217036
PI3K	2	3	mTORi (AZD8055)	0.09	8247	0.16853164545901195
PI3K	2	3	mTORi (AZD8055)	0.15	7079	0.1351300361477414
PI3K	2	3	mTORi (AZD8055)	0.245	6243	0.11122271989412656
PI3K	2	3	mTORi (AZD8055)	0.41	5693	0.09549422235885362
PI3K	2	3	mTORi (AZD8055)	0.675	5398.5	0.0870723268604211
PI3K	2	3	mTORi (AZD8055)	1.11	4745.5	0.06839831069581523
PI3K	2	3	mTORi (AZD8055)	1.835	4916.5	0.07328844356587282
PI3K	2	3	mTORi (AZD8055)	3.03	5077.5	0.0778926037534709
PI3K	2	3	mTORi (AZD8055)	5	4958	0.07447523019807978
